dislike_count,duration,like_count,view_count
,,,
67905562.0,852657449.0,956300323.0,123094343678.0
233255004.0,596953237.0,6134162539.0,345039111412.0
385363724.0,3692708661.0,2881361591.0,502391834628.0
1479342143.0,7666398193.0,20140552867.0,2287747784951.0
314305751.0,1505306945.0,3737846598.0,576280806991.0
714293975.0,19654718199.0,17351327104.0,1042503029744.0
292454070.0,2322773279.0,5790819053.0,420666785070.0
,,,
891764134.0,3913741624.0,19270464688.0,2474987207747.0
200040640.0,4565935814.0,1892882798.0,158642353980.0
14352728.0,930119676.0,242948972.0,18508414941.0
476076966.0,4694677820.0,9138068304.0,617343103271.0
38102165.0,312415971.0,659841475.0,72076163905.0
156087020.0,1498622945.0,1978449383.0,175003322992.0
,,,
132818493.0,2438326605.0,2528111024.0,262006516097.0
28640244.0,606822072.0,459804581.0,56393865116.0
