source;target;weight
1;2;1
1;3;3
1;4;2
1;12;1
1;13;2
1;19;2
1;28;1
1;30;1
1;62;1
1;70;2
1;94;1
1;98;1
1;99;1
1;104;2
1;146;1
1;150;1
1;216;1
1;359;1
1;368;1
1;418;1
1;456;1
1;686;1
1;1267;1
2;3;2
2;4;1
2;13;1
2;19;1
2;70;2
2;94;1
2;98;1
2;100;1
2;104;1
2;359;1
2;418;1
2;456;1
3;4;4
3;12;2
3;13;4
3;19;4
3;20;1
3;25;2
3;28;2
3;30;1
3;43;2
3;44;1
3;62;1
3;63;1
3;65;1
3;70;6
3;94;2
3;98;1
3;99;1
3;100;2
3;104;1
3;105;2
3;146;2
3;149;1
3;159;1
3;170;1
3;172;1
3;216;1
3;236;1
3;359;2
3;368;1
3;373;1
3;418;2
3;456;1
3;470;1
3;1267;1
4;13;1
4;19;5
4;20;1
4;25;1
4;28;1
4;31;1
4;43;1
4;44;1
4;49;1
4;54;1
4;70;2
4;93;1
4;94;1
4;98;1
4;104;1
4;147;1
4;171;1
4;251;1
4;303;1
4;359;1
4;373;1
4;418;1
4;456;1
4;470;1
12;13;1
12;19;1
12;25;1
12;30;1
12;36;1
12;54;1
12;63;1
12;65;1
12;70;2
12;99;2
12;105;1
12;146;1
12;159;1
12;172;1
12;206;1
12;216;1
12;236;1
12;292;1
13;19;1
13;25;3
13;31;1
13;34;1
13;36;1
13;54;3
13;62;1
13;70;2
13;94;3
13;98;2
13;99;1
13;100;1
13;104;1
13;133;1
13;178;1
13;179;1
13;187;1
13;206;1
13;292;2
13;329;1
13;359;1
13;368;1
13;418;1
13;420;1
13;456;1
13;464;1
13;645;1
13;776;1
13;991;1
13;1040;1
13;1267;1
19;30;1
19;31;1
19;49;1
19;54;1
19;70;3
19;93;1
19;94;1
19;98;1
19;99;1
19;104;1
19;146;1
19;147;1
19;171;1
19;216;1
19;251;1
19;359;1
19;418;1
19;456;1
19;470;1
28;70;1
28;105;1
28;139;1
28;146;1
28;190;1
28;198;1
28;263;1
28;359;1
28;418;1
30;70;1
30;99;1
30;146;1
30;216;1
62;7;1
62;9;1
62;10;2
62;21;1
62;31;2
62;32;1
62;56;1
62;64;1
62;78;1
62;87;1
62;93;1
62;109;1
62;120;1
62;122;2
62;125;1
62;140;1
62;148;2
62;153;1
62;165;1
62;169;1
62;173;1
62;176;1
62;187;1
62;199;1
62;212;1
62;221;1
62;229;1
62;259;1
62;266;1
62;267;1
62;273;1
62;278;1
62;313;2
62;318;1
62;352;1
62;368;1
62;374;1
62;378;1
62;388;1
62;407;1
62;423;1
62;429;1
62;466;1
62;492;1
62;586;1
62;609;1
62;655;1
62;691;1
62;692;1
62;699;1
62;700;1
62;723;1
62;732;1
62;744;1
62;830;1
62;853;1
62;893;1
62;900;1
62;908;1
62;911;1
62;1005;1
62;1077;1
62;1116;1
62;1131;1
62;1146;1
62;1177;1
62;1185;1
62;1267;1
62;1360;1
62;1381;1
62;1390;1
62;1481;1
62;1633;1
62;1719;1
62;1722;1
62;1806;1
62;2187;1
70;25;1
70;36;1
70;54;1
70;94;1
70;98;1
70;99;2
70;100;1
70;104;1
70;105;1
70;146;2
70;206;1
70;216;1
70;292;1
70;359;2
70;418;2
70;456;1
70;470;1
94;9;1
94;25;1
94;31;1
94;34;1
94;54;1
94;56;1
94;96;1
94;98;1
94;100;1
94;104;1
94;178;1
94;179;1
94;187;1
94;195;1
94;292;1
94;329;1
94;359;1
94;418;1
94;420;1
94;456;1
94;645;1
94;776;1
94;991;1
94;1040;1
98;25;1
98;60;1
98;104;1
98;112;1
98;156;1
98;316;1
98;359;1
98;418;1
98;456;1
99;25;1
99;36;1
99;54;1
99;146;1
99;206;1
99;216;1
99;292;1
104;150;1
104;174;1
104;359;1
104;418;1
104;456;1
104;686;1
146;105;1
146;216;1
146;359;1
146;418;1
150;45;1
150;686;1
359;105;1
359;418;2
359;456;1
368;1267;1
418;105;1
418;456;1
100;25;1
100;65;1
20;25;1
20;43;1
20;44;1
20;373;1
25;36;1
25;43;1
25;44;1
25;54;1
25;206;1
25;292;1
25;373;1
43;44;1
43;373;1
44;36;1
44;60;1
44;133;1
44;156;1
44;178;1
44;317;1
44;373;1
44;451;1
63;65;1
63;89;1
63;105;1
63;159;2
63;172;2
63;236;1
63;454;1
65;105;1
65;159;1
65;170;1
65;172;1
65;236;1
105;159;1
105;172;1
105;236;1
149;170;1
159;89;1
159;172;2
159;236;1
159;454;1
172;89;1
172;236;1
172;454;1
31;6;2
31;9;1
31;10;1
31;11;1
31;21;2
31;32;1
31;34;1
31;49;1
31;54;1
31;64;2
31;76;2
31;77;1
31;82;2
31;87;2
31;93;1
31;96;1
31;97;1
31;109;1
31;120;1
31;122;1
31;125;3
31;141;1
31;147;1
31;148;2
31;152;1
31;153;1
31;169;1
31;171;1
31;176;2
31;178;1
31;179;1
31;187;4
31;200;1
31;201;2
31;202;2
31;207;3
31;208;1
31;209;1
31;229;1
31;246;1
31;251;1
31;267;1
31;292;1
31;318;1
31;328;1
31;329;1
31;331;2
31;336;1
31;352;1
31;386;1
31;388;1
31;396;1
31;397;1
31;403;1
31;407;1
31;420;1
31;423;1
31;428;1
31;429;1
31;443;2
31;460;1
31;473;1
31;494;1
31;512;1
31;537;1
31;582;1
31;583;1
31;586;1
31;609;1
31;629;3
31;633;1
31;645;1
31;655;1
31;699;1
31;700;1
31;707;1
31;723;2
31;732;1
31;741;2
31;776;1
31;824;1
31;830;1
31;853;1
31;893;1
31;900;1
31;908;1
31;919;1
31;939;1
31;991;2
31;995;1
31;1039;1
31;1040;1
31;1077;1
31;1109;1
31;1116;1
31;1131;1
31;1141;1
31;1381;1
31;1447;1
31;1475;1
31;1562;1
31;1633;1
31;1705;1
31;1719;1
31;1722;1
31;1726;1
31;1977;1
31;2065;1
31;2086;1
31;2106;1
31;2187;1
49;93;1
49;147;1
49;171;1
49;251;1
54;34;1
54;36;1
54;178;1
54;179;1
54;187;1
54;206;1
54;292;2
54;329;1
54;420;1
54;461;1
54;464;1
54;645;1
54;776;1
54;991;1
54;1040;1
93;6;1
93;7;1
93;8;1
93;9;1
93;10;2
93;21;2
93;32;1
93;36;1
93;51;1
93;56;1
93;64;1
93;87;1
93;120;1
93;122;1
93;140;1
93;145;1
93;147;1
93;148;2
93;171;1
93;173;1
93;179;1
93;191;1
93;202;2
93;229;1
93;251;1
93;259;2
93;266;1
93;313;2
93;328;1
93;331;1
93;374;1
93;402;1
93;403;1
93;423;1
93;446;1
93;447;1
93;466;1
93;492;1
93;499;1
93;529;1
93;546;1
93;583;1
93;645;1
93;691;1
93;692;1
93;744;1
93;904;1
93;911;1
93;970;1
93;1005;2
93;1027;1
93;1146;1
93;1177;1
93;1185;1
93;1205;1
93;1249;1
93;1349;1
93;1360;1
93;1390;1
93;1392;1
93;1408;1
93;1778;1
93;1806;1
93;2061;1
147;29;1
147;87;1
147;142;1
147;171;1
147;191;1
147;251;1
147;634;1
171;251;1
36;51;1
36;206;1
36;292;1
36;447;1
206;292;1
292;179;1
292;187;1
292;645;1
292;34;1
292;178;1
292;329;1
292;420;1
292;776;1
292;991;1
292;1040;1
34;179;1
34;187;1
34;645;1
34;178;1
34;329;1
34;420;1
34;776;1
34;991;1
34;1040;1
133;178;1
133;451;1
178;179;1
178;187;1
178;645;1
178;329;1
178;420;1
178;451;1
178;776;1
178;991;1
178;1040;1
179;6;1
179;9;1
179;76;1
179;87;1
179;90;1
179;96;1
179;125;1
179;148;1
179;120;1
179;169;1
179;187;1
179;201;1
179;202;1
179;207;1
179;329;1
179;349;1
179;402;1
179;404;1
179;420;1
179;529;1
179;546;1
179;645;1
179;776;1
179;991;1
179;1027;1
179;1040;1
179;1205;1
179;1392;1
179;1408;1
179;1778;1
187;8;2
187;9;1
187;21;1
187;32;1
187;64;3
187;76;1
187;96;1
187;125;1
187;141;1
187;145;1
187;148;3
187;173;1
187;176;1
187;267;1
187;443;1
187;824;1
187;120;1
187;122;2
187;169;2
187;207;2
187;209;2
187;126;1
187;77;1
187;82;1
187;152;1
187;153;2
187;199;1
187;201;2
187;208;1
187;212;1
187;246;1
187;273;2
187;278;1
187;302;1
187;329;1
187;336;1
187;349;1
187;378;1
187;386;1
187;397;1
187;420;1
187;460;1
187;512;1
187;537;1
187;629;2
187;645;1
187;707;1
187;723;1
187;776;1
187;919;1
187;939;1
187;991;2
187;995;1
187;1039;1
187;1040;1
187;1109;1
187;1141;1
187;1475;1
187;1562;1
187;2065;1
329;645;1
329;420;1
329;776;1
329;991;1
329;1040;1
420;645;1
420;776;1
420;991;1
420;1040;1
645;9;1
645;10;2
645;87;1
645;140;1
645;240;1
645;339;1
645;313;1
645;229;1
645;331;1
645;423;1
645;629;1
645;310;1
645;341;1
645;714;1
645;776;1
645;904;1
645;991;1
645;1040;1
645;1249;1
645;1349;1
645;2061;1
776;991;1
776;1040;1
991;21;1
991;32;1
991;64;1
991;96;1
991;125;1
991;141;1
991;148;1
991;267;1
991;824;1
991;122;1
991;169;1
991;207;1
991;209;1
991;1141;1
991;152;1
991;201;1
991;629;1
991;77;1
991;397;1
991;537;1
991;995;1
991;1040;1
991;1475;1
991;1562;1
139;190;1
139;198;1
139;263;1
190;198;1
190;263;1
198;263;1
7;6;1
7;9;3
7;10;3
7;21;2
7;32;2
7;56;1
7;120;1
7;122;2
7;142;1
7;148;1
7;169;1
7;192;1
7;207;1
7;209;1
7;259;1
7;265;1
7;266;1
7;313;1
7;366;1
7;374;1
7;466;1
7;492;1
7;691;1
7;692;1
7;744;1
7;911;1
7;1005;1
7;1146;1
7;1177;1
7;1185;1
7;1360;1
7;1390;1
7;1806;1
9;6;3
9;10;6
9;21;1
9;32;1
9;56;3
9;76;2
9;78;1
9;82;1
9;87;1
9;96;3
9;120;1
9;122;1
9;140;2
9;152;2
9;153;1
9;165;1
9;176;1
9;192;1
9;195;1
9;199;1
9;201;1
9;207;1
9;229;2
9;246;1
9;267;2
9;313;2
9;331;1
9;336;1
9;366;1
9;386;1
9;423;1
9;443;1
9;460;1
9;463;1
9;486;1
9;512;1
9;534;1
9;629;1
9;707;1
9;904;1
9;919;1
9;928;1
9;939;1
9;1109;1
9;1110;1
9;1249;1
9;1349;1
9;1481;1
9;2061;1
9;2065;1
10;6;1
10;8;1
10;11;1
10;21;1
10;32;1
10;56;1
10;64;1
10;76;1
10;78;1
10;87;1
10;97;1
10;120;2
10;122;2
10;140;2
10;148;1
10;165;1
10;184;1
10;229;1
10;240;1
10;259;1
10;266;1
10;267;1
10;310;1
10;313;3
10;331;1
10;339;1
10;341;1
10;374;1
10;408;1
10;423;1
10;428;1
10;466;1
10;468;1
10;492;1
10;582;1
10;626;1
10;629;2
10;691;1
10;692;1
10;714;1
10;744;1
10;904;1
10;911;1
10;972;1
10;1005;1
10;1146;1
10;1177;1
10;1185;1
10;1249;1
10;1349;1
10;1360;1
10;1390;1
10;1447;1
10;1481;1
10;1806;1
10;2061;1
10;2086;1
21;6;2
21;8;1
21;32;3
21;56;1
21;64;2
21;77;1
21;96;1
21;120;1
21;122;2
21;125;1
21;141;1
21;145;1
21;148;2
21;152;1
21;169;1
21;173;1
21;191;1
21;201;1
21;202;1
21;207;1
21;209;1
21;259;2
21;265;1
21;266;1
21;267;1
21;313;1
21;314;1
21;328;1
21;374;1
21;397;1
21;403;1
21;446;1
21;466;1
21;492;1
21;499;1
21;537;1
21;583;1
21;617;1
21;629;1
21;691;1
21;692;1
21;744;1
21;824;1
21;911;1
21;945;1
21;970;1
21;995;1
21;1005;2
21;1141;1
21;1146;1
21;1177;1
21;1185;1
21;1360;1
21;1390;1
21;1475;1
21;1524;1
21;1562;1
21;1806;1
21;2049;1
32;6;1
32;56;1
32;64;1
32;77;1
32;87;1
32;90;2
32;96;1
32;120;1
32;121;1
32;122;2
32;125;3
32;141;3
32;144;1
32;148;3
32;152;1
32;169;1
32;176;1
32;192;1
32;201;1
32;207;1
32;209;1
32;229;1
32;259;1
32;266;1
32;267;1
32;313;1
32;318;1
32;366;2
32;374;1
32;397;1
32;423;1
32;433;1
32;466;1
32;492;1
32;499;1
32;519;1
32;537;1
32;629;1
32;691;1
32;692;1
32;701;1
32;744;1
32;824;2
32;859;1
32;909;1
32;911;1
32;995;1
32;1005;1
32;1084;1
32;1141;1
32;1146;1
32;1163;1
32;1177;1
32;1185;1
32;1360;1
32;1390;1
32;1475;1
32;1562;1
32;1680;1
32;1806;1
56;76;1
56;96;1
56;148;1
56;259;1
56;1005;1
56;120;1
56;122;1
56;195;1
56;207;1
56;229;1
56;266;1
56;313;2
56;374;1
56;466;1
56;486;1
56;492;1
56;691;1
56;692;1
56;744;1
56;911;1
56;1146;1
56;1177;1
56;1185;1
56;1360;1
56;1390;1
56;1806;1
64;6;3
64;8;1
64;76;1
64;77;1
64;96;1
64;122;1
64;125;1
64;141;1
64;145;1
64;148;3
64;152;1
64;153;1
64;169;2
64;173;2
64;191;1
64;199;1
64;201;1
64;202;1
64;207;1
64;208;1
64;209;1
64;212;1
64;259;2
64;267;1
64;273;1
64;278;1
64;328;1
64;340;1
64;378;1
64;397;1
64;403;1
64;429;1
64;446;1
64;499;1
64;537;1
64;583;1
64;629;1
64;723;1
64;824;1
64;908;1
64;970;1
64;995;1
64;1005;1
64;1039;1
64;1141;1
64;1475;1
64;1562;1
78;140;1
78;267;1
78;122;1
78;313;1
78;165;1
78;1481;1
87;6;1
87;76;1
87;90;1
87;109;1
87;120;1
87;125;2
87;140;1
87;141;1
87;142;1
87;148;1
87;169;1
87;176;1
87;191;1
87;201;1
87;207;1
87;229;2
87;313;1
87;318;1
87;331;2
87;349;1
87;352;1
87;370;1
87;388;1
87;404;1
87;407;1
87;423;2
87;429;1
87;443;1
87;473;1
87;494;1
87;499;1
87;586;1
87;609;1
87;633;1
87;655;1
87;699;1
87;700;1
87;701;1
87;723;1
87;732;1
87;741;1
87;824;1
87;830;1
87;853;1
87;859;1
87;893;1
87;900;1
87;904;1
87;908;1
87;1077;1
87;1084;1
87;1116;1
87;1131;1
87;1163;1
87;1249;1
87;1349;1
87;1381;1
87;1633;1
87;1680;1
87;1719;1
87;1722;1
87;1977;1
87;2061;1
87;2187;1
109;176;1
109;318;1
109;429;1
109;446;1
109;1077;1
109;229;1
109;423;1
109;352;1
109;388;1
109;407;1
109;586;1
109;609;1
109;655;1
109;699;1
109;700;1
109;723;1
109;732;1
109;830;1
109;853;1
109;893;1
109;900;1
109;908;1
109;1116;1
109;1131;1
109;1381;1
109;1633;1
109;1719;1
109;1722;1
109;2187;1
120;76;2
120;90;1
120;125;1
120;148;1
120;176;1
120;259;1
120;443;1
120;1005;1
120;82;1
120;122;1
120;153;1
120;169;1
120;201;2
120;207;1
120;246;1
120;266;1
120;313;1
120;336;1
120;349;1
120;374;1
120;386;1
120;404;1
120;460;1
120;466;1
120;492;1
120;512;1
120;629;1
120;691;1
120;692;1
120;707;1
120;744;1
120;911;1
120;919;1
120;939;1
120;1109;1
120;1146;1
120;1177;1
120;1185;1
120;1360;1
120;1390;1
120;1806;1
120;2065;1
122;8;1
122;96;1
122;125;1
122;140;1
122;141;1
122;148;2
122;259;1
122;267;2
122;824;1
122;1005;1
122;77;1
122;152;1
122;165;1
122;169;1
122;201;1
122;207;1
122;209;1
122;266;1
122;273;1
122;313;2
122;374;1
122;397;1
122;466;1
122;492;1
122;537;1
122;629;1
122;691;1
122;692;1
122;744;1
122;911;1
122;995;1
122;1141;1
122;1146;1
122;1177;1
122;1185;1
122;1360;1
122;1390;1
122;1475;1
122;1481;1
122;1562;1
122;1806;1
125;6;1
125;76;1
125;90;3
125;96;2
125;77;1
125;140;1
125;141;2
125;144;1
125;148;1
125;152;1
125;169;2
125;201;2
125;202;1
125;207;2
125;209;1
125;229;1
125;240;1
125;267;1
125;318;1
125;331;1
125;349;1
125;366;1
125;397;1
125;404;1
125;423;1
125;443;1
125;473;1
125;494;1
125;537;1
125;629;1
125;633;1
125;709;1
125;741;1
125;824;1
125;878;1
125;959;1
125;995;1
125;1141;1
125;1475;1
125;1477;1
125;1562;1
125;1977;1
125;2255;1
140;6;1
140;90;1
140;96;1
140;165;1
140;202;1
140;229;1
140;267;1
140;307;1
140;313;2
140;331;1
140;423;1
140;661;1
140;878;1
140;904;1
140;959;1
140;1249;1
140;1349;1
140;1477;1
140;1481;1
140;2061;1
140;2255;1
148;6;1
148;90;1
148;96;1
148;141;2
148;77;1
148;152;1
148;153;1
148;169;2
148;173;1
148;199;1
148;201;1
148;202;1
148;207;1
148;208;1
148;209;2
148;212;1
148;240;1
148;259;1
148;266;1
148;267;1
148;273;1
148;278;1
148;313;1
148;374;1
148;378;1
148;397;1
148;402;1
148;460;1
148;466;1
148;492;1
148;499;1
148;502;1
148;519;1
148;529;1
148;530;1
148;537;1
148;546;1
148;629;1
148;691;1
148;692;1
148;701;1
148;717;1
148;723;1
148;744;1
148;754;1
148;824;2
148;859;1
148;867;1
148;889;1
148;911;1
148;995;1
148;1005;1
148;1027;1
148;1039;1
148;1084;1
148;1107;1
148;1141;1
148;1146;1
148;1163;1
148;1177;1
148;1185;1
148;1205;1
148;1360;1
148;1377;1
148;1390;1
148;1392;1
148;1408;1
148;1431;1
148;1475;1
148;1515;1
148;1562;1
148;1680;1
148;1778;1
148;1806;1
153;76;1
153;96;1
153;173;1
153;176;1
153;443;1
153;169;1
153;1177;1
153;273;1
153;378;1
153;82;1
153;199;1
153;201;1
153;212;1
153;246;1
153;278;1
153;333;1
153;336;1
153;340;1
153;360;1
153;386;1
153;460;1
153;512;1
153;539;1
153;629;1
153;707;1
153;919;1
153;939;1
153;1109;1
153;1203;1
153;1379;1
153;1533;1
153;1813;1
153;1833;1
153;1920;1
153;2065;1
153;2124;1
165;267;1
165;313;1
165;366;1
165;1481;1
169;76;1
169;90;1
169;96;1
169;141;1
169;173;1
169;267;1
169;824;1
169;77;1
169;152;1
169;199;1
169;201;2
169;207;2
169;209;1
169;212;1
169;273;1
169;278;1
169;349;1
169;378;1
169;397;1
169;404;1
169;537;1
169;629;1
169;995;1
169;1141;1
169;1475;1
169;1562;1
169;2218;1
173;6;1
173;8;1
173;145;1
173;191;1
173;199;1
173;202;1
173;212;1
173;259;1
173;273;1
173;278;1
173;328;1
173;378;1
173;403;1
173;446;1
173;499;1
173;583;1
173;970;1
173;1005;1
176;6;1
176;11;1
176;76;1
176;90;1
176;82;1
176;152;1
176;201;1
176;229;1
176;240;1
176;246;1
176;318;2
176;336;1
176;339;1
176;342;1
176;352;1
176;386;1
176;388;1
176;407;1
176;423;1
176;429;1
176;443;2
176;460;1
176;512;1
176;519;2
176;576;1
176;586;1
176;609;1
176;611;1
176;612;2
176;629;1
176;655;1
176;672;1
176;699;1
176;700;1
176;707;1
176;723;1
176;732;1
176;794;1
176;830;1
176;852;1
176;853;1
176;855;1
176;893;1
176;900;1
176;903;1
176;908;1
176;909;1
176;919;1
176;939;1
176;1077;2
176;1109;1
176;1116;1
176;1131;1
176;1165;1
176;1381;1
176;1470;1
176;1633;1
176;1719;1
176;1722;1
176;2065;1
176;2187;1
199;273;1
199;378;1
199;152;1
199;212;1
199;278;1
199;534;1
199;1110;1
212;273;1
212;378;1
212;278;1
229;90;1
229;141;1
229;318;1
229;429;1
229;1077;1
229;207;1
229;313;1
229;366;1
229;331;1
229;352;1
229;388;1
229;407;1
229;423;2
229;586;1
229;609;1
229;655;1
229;699;1
229;700;1
229;723;1
229;732;1
229;830;1
229;853;1
229;893;1
229;900;1
229;904;1
229;908;1
229;1116;1
229;1131;1
229;1249;1
229;1349;1
229;1381;1
229;1633;1
229;1719;1
229;1722;1
229;2061;1
229;2187;1
259;6;1
259;8;1
259;145;1
259;191;1
259;202;1
259;266;1
259;313;1
259;328;1
259;340;1
259;374;1
259;403;1
259;446;1
259;466;1
259;492;1
259;499;1
259;583;1
259;691;1
259;692;1
259;744;1
259;908;1
259;911;1
259;970;1
259;1005;2
259;1146;1
259;1177;1
259;1185;1
259;1360;1
259;1390;1
259;1806;1
266;1005;1
266;313;1
266;374;1
266;466;1
266;492;1
266;691;1
266;692;1
266;744;1
266;911;1
266;1146;1
266;1177;1
266;1185;1
266;1360;1
266;1390;1
266;1806;1
267;6;1
267;96;1
267;141;1
267;77;1
267;152;1
267;201;1
267;207;1
267;209;1
267;313;1
267;397;1
267;537;1
267;629;1
267;824;1
267;928;1
267;995;1
267;1141;1
267;1475;1
267;1481;1
267;1562;1
273;8;1
273;278;1
273;378;1
278;378;1
313;1005;1
313;331;1
313;374;1
313;423;1
313;466;1
313;492;1
313;691;1
313;692;1
313;744;1
313;904;1
313;911;1
313;1134;1
313;1146;1
313;1177;1
313;1185;1
313;1249;1
313;1349;1
313;1360;1
313;1390;1
313;1481;1
313;1806;1
313;2061;1
318;6;1
318;11;1
318;90;1
318;240;1
318;144;1
318;339;1
318;342;1
318;352;1
318;388;1
318;407;1
318;423;2
318;429;1
318;443;1
318;519;1
318;576;1
318;586;1
318;609;1
318;611;1
318;612;1
318;655;1
318;672;1
318;699;1
318;700;1
318;723;1
318;732;1
318;794;1
318;830;1
318;852;1
318;853;1
318;855;1
318;893;1
318;900;1
318;903;1
318;908;1
318;1077;2
318;1116;1
318;1131;1
318;1165;1
318;1381;1
318;1633;1
318;1719;1
318;1722;1
318;2187;1
352;429;1
352;1077;1
352;423;1
352;388;1
352;407;1
352;586;1
352;609;1
352;655;1
352;699;1
352;700;1
352;723;1
352;732;1
352;830;1
352;853;1
352;893;1
352;900;1
352;908;1
352;1116;1
352;1131;1
352;1381;1
352;1633;1
352;1719;1
352;1722;1
352;2187;1
374;1005;1
374;466;1
374;492;1
374;691;1
374;692;1
374;744;1
374;911;1
374;1146;1
374;1177;1
374;1185;1
374;1360;1
374;1390;1
374;1806;1
378;8;1
388;429;1
388;1077;1
388;423;1
388;407;1
388;586;1
388;609;1
388;655;1
388;699;1
388;700;1
388;723;1
388;732;1
388;830;1
388;853;1
388;893;1
388;900;1
388;908;1
388;1116;1
388;1131;1
388;1381;1
388;1633;1
388;1719;1
388;1722;1
388;2187;1
407;429;1
407;1077;1
407;423;1
407;617;1
407;586;1
407;609;1
407;655;1
407;699;1
407;700;1
407;723;1
407;732;1
407;830;1
407;853;1
407;893;1
407;900;1
407;908;1
407;1116;1
407;1131;1
407;1381;1
407;1633;1
407;1719;1
407;1722;1
407;2187;1
423;429;1
423;1077;1
423;331;1
423;144;1
423;586;1
423;609;1
423;655;1
423;699;1
423;700;1
423;723;1
423;732;1
423;830;1
423;853;1
423;893;1
423;900;1
423;904;1
423;908;1
423;1116;1
423;1131;1
423;1249;1
423;1349;1
423;1381;1
423;1633;1
423;1719;1
423;1722;1
423;2061;1
423;2187;1
429;6;1
429;76;1
429;586;1
429;609;1
429;655;1
429;699;1
429;700;1
429;723;1
429;732;1
429;830;1
429;853;1
429;893;1
429;900;1
429;908;1
429;1077;1
429;1116;1
429;1131;1
429;1381;1
429;1633;1
429;1719;1
429;1722;1
429;2187;1
466;1005;1
466;492;1
466;691;1
466;692;1
466;744;1
466;911;1
466;1146;1
466;1177;1
466;1185;1
466;1360;1
466;1390;1
466;1806;1
492;8;1
492;1005;1
492;691;1
492;692;1
492;744;1
492;911;1
492;1146;1
492;1177;1
492;1185;1
492;1360;1
492;1390;1
492;1806;1
586;1077;1
586;609;1
586;655;1
586;699;1
586;700;1
586;723;1
586;732;1
586;830;1
586;853;1
586;893;1
586;900;1
586;908;1
586;1116;1
586;1131;1
586;1381;1
586;1633;1
586;1719;1
586;1722;1
586;2187;1
609;1077;1
609;655;1
609;699;1
609;700;1
609;723;1
609;732;1
609;830;1
609;853;1
609;893;1
609;900;1
609;908;1
609;1116;1
609;1131;1
609;1381;1
609;1633;1
609;1719;1
609;1722;1
609;2187;1
655;1077;1
655;699;1
655;700;1
655;723;1
655;732;1
655;830;1
655;853;1
655;893;1
655;900;1
655;908;1
655;1116;1
655;1131;1
655;1381;1
655;1633;1
655;1719;1
655;1722;1
655;2187;1
691;1005;1
691;692;1
691;744;1
691;911;1
691;1146;1
691;1177;1
691;1185;1
691;1360;1
691;1390;1
691;1806;1
692;1005;1
692;744;1
692;911;1
692;1146;1
692;1177;1
692;1185;1
692;1360;1
692;1390;1
692;1806;1
699;1077;1
699;700;1
699;723;1
699;732;1
699;830;1
699;853;1
699;893;1
699;900;1
699;908;1
699;1116;1
699;1131;1
699;1381;1
699;1633;1
699;1719;1
699;1722;1
699;2187;1
700;1077;1
700;723;1
700;732;1
700;830;1
700;853;1
700;893;1
700;900;1
700;908;1
700;1116;1
700;1131;1
700;1381;1
700;1633;1
700;1719;1
700;1722;1
700;2187;1
723;1077;1
723;208;1
723;732;1
723;830;1
723;853;1
723;893;1
723;900;1
723;908;1
723;1039;1
723;1116;1
723;1131;1
723;1381;1
723;1633;1
723;1719;1
723;1722;1
723;2187;1
732;1077;1
732;830;1
732;853;1
732;893;1
732;900;1
732;908;1
732;1116;1
732;1131;1
732;1381;1
732;1633;1
732;1719;1
732;1722;1
732;2187;1
744;1005;1
744;911;1
744;1146;1
744;1177;1
744;1185;1
744;1360;1
744;1390;1
744;1806;1
830;1077;1
830;853;1
830;893;1
830;900;1
830;908;1
830;1116;1
830;1131;1
830;1381;1
830;1633;1
830;1719;1
830;1722;1
830;2187;1
853;1077;1
853;893;1
853;900;1
853;908;1
853;1116;1
853;1131;1
853;1381;1
853;1633;1
853;1719;1
853;1722;1
853;2187;1
893;1077;1
893;900;1
893;908;1
893;1116;1
893;1131;1
893;1381;1
893;1633;1
893;1719;1
893;1722;1
893;2187;1
900;1077;1
900;908;1
900;1116;1
900;1131;1
900;1381;1
900;1633;1
900;1719;1
900;1722;1
900;2187;1
908;1077;1
908;340;1
908;1116;1
908;1131;1
908;1381;1
908;1633;1
908;1719;1
908;1722;1
908;2187;1
911;1005;1
911;1146;1
911;1177;1
911;1185;1
911;1360;1
911;1390;1
911;1767;1
911;1806;1
1005;6;1
1005;8;1
1005;145;1
1005;191;1
1005;202;1
1005;328;1
1005;403;1
1005;446;1
1005;499;1
1005;583;1
1005;970;1
1005;1146;1
1005;1177;1
1005;1185;1
1005;1360;1
1005;1390;1
1005;1806;1
1077;6;1
1077;11;1
1077;90;1
1077;240;1
1077;339;1
1077;342;1
1077;443;1
1077;519;1
1077;576;1
1077;611;1
1077;612;1
1077;672;1
1077;794;1
1077;852;1
1077;855;1
1077;903;1
1077;1116;1
1077;1131;1
1077;1165;1
1077;1381;1
1077;1633;1
1077;1719;1
1077;1722;1
1077;2187;1
1116;1131;1
1116;1381;1
1116;1633;1
1116;1719;1
1116;1722;1
1116;2187;1
1131;1381;1
1131;1633;1
1131;1719;1
1131;1722;1
1131;2187;1
1146;1177;1
1146;1185;1
1146;1360;1
1146;1390;1
1146;1806;1
1177;96;1
1177;333;1
1177;340;1
1177;360;1
1177;539;1
1177;1185;1
1177;1203;1
1177;1360;1
1177;1379;1
1177;1390;1
1177;1533;1
1177;1806;1
1177;1813;1
1177;1833;1
1177;1920;1
1177;2124;1
1185;1360;1
1185;1390;1
1185;1806;1
1360;1390;1
1360;1806;1
1381;1633;1
1381;1719;1
1381;1722;1
1381;2187;1
1390;1806;1
1633;1719;1
1633;1722;1
1633;2187;1
1719;1722;1
1719;2187;1
1722;2187;1
96;6;2
96;90;1
96;77;1
96;141;1
96;152;1
96;195;1
96;201;1
96;202;1
96;207;1
96;209;1
96;333;1
96;340;1
96;360;1
96;397;1
96;463;1
96;537;1
96;539;1
96;629;1
96;639;1
96;824;1
96;878;1
96;959;1
96;995;1
96;1141;1
96;1203;1
96;1379;1
96;1475;1
96;1477;1
96;1533;1
96;1562;1
96;1813;1
96;1833;1
96;1920;1
96;2124;1
96;2255;1
60;156;2
60;316;1
60;317;1
156;316;1
156;317;1
89;75;1
89;454;1
6;8;2
6;11;1
6;76;1
6;88;1
6;90;2
6;97;1
6;141;1
6;145;1
6;191;1
6;202;3
6;240;1
6;257;1
6;265;1
6;308;1
6;328;2
6;339;1
6;342;1
6;403;3
6;443;1
6;446;2
6;499;2
6;519;1
6;576;1
6;583;1
6;611;1
6;612;1
6;672;1
6;701;1
6;770;1
6;794;1
6;824;1
6;852;1
6;855;1
6;859;1
6;878;1
6;903;1
6;928;1
6;959;1
6;970;1
6;972;1
6;1084;1
6;1163;1
6;1165;1
6;1477;1
6;1680;1
6;1726;1
6;2255;1
11;8;1
11;90;1
11;97;1
11;202;1
11;240;1
11;339;1
11;342;1
11;443;1
11;519;1
11;576;1
11;611;1
11;612;1
11;672;1
11;794;1
11;852;1
11;855;1
11;903;1
11;1165;1
76;8;1
76;82;1
76;90;1
76;201;2
76;207;1
76;246;1
76;336;1
76;349;1
76;386;1
76;404;1
76;443;1
76;458;1
76;460;1
76;486;1
76;512;1
76;629;1
76;707;1
76;919;1
76;939;1
76;1109;1
76;2065;1
77;141;1
77;824;1
77;207;1
77;209;1
77;1141;1
77;152;1
77;201;1
77;629;1
77;397;1
77;537;1
77;995;1
77;1475;1
77;1562;1
82;443;1
82;201;1
82;246;1
82;331;1
82;336;1
82;386;1
82;460;1
82;512;1
82;629;1
82;707;1
82;919;1
82;939;1
82;1109;1
82;2065;1
97;1726;1
141;90;1
141;152;1
141;201;1
141;207;1
141;209;1
141;366;1
141;397;1
141;499;1
141;537;1
141;629;1
141;701;1
141;824;2
141;859;1
141;995;1
141;1084;1
141;1141;1
141;1163;1
141;1475;1
141;1562;1
141;1680;1
152;612;1
152;824;1
152;207;1
152;209;1
152;1141;1
152;201;1
152;397;1
152;534;1
152;537;1
152;629;1
152;995;1
152;1110;1
152;1470;1
152;1475;1
152;1562;1
200;583;1
200;207;1
200;396;1
201;90;1
201;443;1
201;824;1
201;207;2
201;209;1
201;349;1
201;1141;1
201;246;1
201;336;1
201;386;1
201;397;1
201;404;1
201;460;1
201;512;1
201;537;1
201;629;2
201;707;1
201;919;1
201;939;1
201;995;1
201;1109;1
201;1475;1
201;1562;1
201;2065;1
202;8;1
202;90;1
202;145;1
202;191;1
202;207;1
202;308;1
202;328;2
202;402;1
202;403;2
202;446;2
202;499;1
202;529;1
202;546;1
202;583;1
202;722;1
202;770;1
202;878;1
202;959;1
202;970;1
202;1027;1
202;1205;1
202;1392;1
202;1408;1
202;1477;1
202;1778;1
202;2255;1
207;8;1
207;90;1
207;145;1
207;583;1
207;824;1
207;142;1
207;126;1
207;209;2
207;302;1
207;349;2
207;396;1
207;397;1
207;404;1
207;537;1
207;629;1
207;995;1
207;1141;1
207;1475;1
207;1562;1
208;1039;1
209;8;1
209;145;1
209;824;1
209;126;1
209;302;1
209;349;1
209;397;1
209;537;1
209;629;1
209;995;1
209;1141;1
209;1475;1
209;1562;1
246;443;1
246;336;1
246;386;1
246;460;1
246;512;1
246;629;1
246;707;1
246;919;1
246;939;1
246;1109;1
246;2065;1
328;8;1
328;145;1
328;191;2
328;308;1
328;403;2
328;446;2
328;499;1
328;583;1
328;770;1
328;970;1
331;443;1
331;473;1
331;494;1
331;633;1
331;741;1
331;904;1
331;1249;1
331;1349;1
331;1977;1
331;2061;1
336;443;1
336;386;1
336;460;1
336;512;1
336;629;1
336;707;1
336;919;1
336;939;1
336;1109;1
336;2065;1
386;90;1
386;443;1
386;142;1
386;460;1
386;469;1
386;512;1
386;534;1
386;629;1
386;680;1
386;707;1
386;919;1
386;939;1
386;1109;1
386;1826;1
386;2065;1
396;583;1
397;824;1
397;1141;1
397;629;1
397;537;1
397;995;1
397;1475;1
397;1562;1
403;8;1
403;145;1
403;191;1
403;308;1
403;446;2
403;499;1
403;583;1
403;770;1
403;970;1
428;629;1
428;582;1
428;1447;1
428;2086;1
443;90;1
443;240;1
443;339;1
443;342;1
443;460;1
443;473;1
443;494;1
443;512;1
443;519;1
443;576;1
443;611;1
443;612;1
443;629;1
443;633;1
443;672;1
443;707;1
443;741;1
443;794;1
443;852;1
443;855;1
443;903;1
443;919;1
443;939;1
443;1109;1
443;1165;1
443;1977;1
443;2065;1
460;90;1
460;240;1
460;519;1
460;502;1
460;512;1
460;530;1
460;629;1
460;707;1
460;717;1
460;754;1
460;867;1
460;889;1
460;919;1
460;939;1
460;1107;1
460;1109;1
460;1377;1
460;1431;1
460;1515;1
460;2065;1
473;494;1
473;633;1
473;741;1
473;1977;1
494;633;1
494;741;1
494;1977;1
512;629;1
512;707;1
512;919;1
512;939;1
512;1109;1
512;2065;1
537;824;1
537;1141;1
537;629;1
537;995;1
537;1475;1
537;1562;1
582;629;1
582;1447;1
582;2086;1
583;8;1
583;145;1
583;191;1
583;446;1
583;499;1
583;970;1
629;240;1
629;339;1
629;824;1
629;1141;1
629;310;1
629;341;1
629;707;1
629;714;1
629;919;1
629;939;1
629;995;1
629;1109;1
629;1447;1
629;1475;1
629;1562;1
629;2065;1
629;2086;1
633;741;1
633;1977;1
707;919;1
707;939;1
707;1109;1
707;2065;1
741;1705;1
741;1977;1
741;2106;1
824;499;1
824;701;1
824;859;1
824;995;1
824;1084;1
824;1141;1
824;1163;1
824;1475;1
824;1562;1
824;1680;1
919;939;1
919;1109;1
919;2065;1
939;1109;1
939;2065;1
995;1141;1
995;1475;1
995;1562;1
1109;2065;1
1141;8;1
1141;1475;1
1141;1562;1
1447;2086;1
1475;1562;1
1705;2106;1
8;126;1
8;145;2
8;191;1
8;192;1
8;302;1
8;349;1
8;446;1
8;458;1
8;499;1
8;970;1
8;972;1
51;447;1
145;126;1
145;191;1
145;302;1
145;349;1
145;446;1
145;499;1
145;970;1
191;142;1
191;446;1
191;499;1
191;970;1
402;529;1
402;546;1
402;1027;1
402;1205;1
402;1392;1
402;1408;1
402;1778;1
446;308;1
446;499;1
446;770;1
446;970;1
499;701;1
499;859;1
499;970;1
499;1084;1
499;1163;1
499;1680;1
529;546;1
529;1027;1
529;1205;1
529;1392;1
529;1408;1
529;1778;1
546;1027;1
546;1205;1
546;1392;1
546;1408;1
546;1778;1
904;1249;1
904;1349;1
904;2061;1
1027;1205;1
1027;1392;1
1027;1408;1
1027;1778;1
1205;1392;1
1205;1408;1
1205;1778;1
1249;1349;1
1249;2061;1
1349;2061;1
1392;1408;1
1392;1778;1
1408;1778;1
29;634;1
142;90;1
142;469;1
142;534;1
142;651;1
142;680;1
142;1826;1
5;17;2
5;628;1
17;628;1
88;413;1
90;121;1
90;240;2
90;339;1
90;342;1
90;349;1
90;366;1
90;404;1
90;433;1
90;469;1
90;502;1
90;519;2
90;530;1
90;534;1
90;576;1
90;611;1
90;612;1
90;672;1
90;680;1
90;717;1
90;754;1
90;794;1
90;852;1
90;855;1
90;867;1
90;878;1
90;889;1
90;903;1
90;959;1
90;1107;1
90;1165;1
90;1377;1
90;1431;1
90;1477;1
90;1515;1
90;1826;1
90;2014;1
90;2255;1
240;310;1
240;339;2
240;341;1
240;342;1
240;502;1
240;519;2
240;530;1
240;576;1
240;611;1
240;612;1
240;672;1
240;709;1
240;714;1
240;717;1
240;754;1
240;794;1
240;852;1
240;855;1
240;867;1
240;889;1
240;903;1
240;1107;1
240;1165;1
240;1377;1
240;1431;1
240;1515;1
308;770;1
339;310;1
339;341;1
339;342;1
339;519;1
339;576;1
339;611;1
339;612;1
339;672;1
339;714;1
339;794;1
339;852;1
339;855;1
339;903;1
339;1165;1
342;519;1
342;576;1
342;611;1
342;612;1
342;672;1
342;794;1
342;852;1
342;855;1
342;903;1
342;1165;1
519;502;1
519;530;1
519;576;1
519;611;1
519;612;1
519;672;1
519;717;1
519;754;1
519;794;1
519;852;1
519;855;1
519;867;1
519;889;1
519;903;1
519;909;1
519;1107;1
519;1165;1
519;1377;1
519;1431;1
519;1515;1
576;611;1
576;612;1
576;672;1
576;794;1
576;852;1
576;855;1
576;903;1
576;1165;1
611;612;1
611;672;1
611;794;1
611;852;1
611;855;1
611;903;1
611;1165;1
612;672;1
612;794;1
612;852;1
612;855;1
612;903;1
612;1165;1
612;1470;1
672;794;1
672;852;1
672;855;1
672;903;1
672;1165;1
701;859;1
701;1084;1
701;1163;1
701;1680;1
794;852;1
794;855;1
794;903;1
794;1165;1
852;855;1
852;903;1
852;1165;1
855;903;1
855;1165;1
859;1084;1
859;1163;1
859;1680;1
878;959;1
878;1477;1
878;2255;1
903;1165;1
959;1477;1
959;2255;1
1084;1163;1
1084;1680;1
1163;1680;1
1477;2255;1
192;366;1
126;302;1
126;349;1
302;349;1
349;404;1
534;469;1
534;680;1
534;1110;1
534;1826;1
184;408;1
310;341;1
310;714;1
341;714;1
314;945;1
314;2049;1
617;1524;1
945;2049;1
121;433;1
340;333;1
340;360;1
340;539;1
340;1203;1
340;1379;1
340;1533;1
340;1813;1
340;1833;1
340;1920;1
340;2124;1
469;680;1
469;1826;1
502;530;1
502;717;1
502;754;1
502;867;1
502;889;1
502;1107;1
502;1377;1
502;1431;1
502;1515;1
530;717;1
530;725;1
530;754;1
530;867;1
530;889;1
530;1107;1
530;1180;1
530;1377;1
530;1431;1
530;1515;1
680;1826;1
717;754;1
717;867;1
717;889;1
717;1107;1
717;1377;1
717;1431;1
717;1515;1
754;867;1
754;889;1
754;1107;1
754;1377;1
754;1431;1
754;1515;1
867;889;1
867;1107;1
867;1377;1
867;1431;1
867;1515;1
889;1107;1
889;1377;1
889;1431;1
889;1515;1
1107;1377;1
1107;1431;1
1107;1515;1
1377;1431;1
1377;1515;1
1431;1515;1
333;360;1
333;539;1
333;1203;1
333;1379;1
333;1533;1
333;1813;1
333;1833;1
333;1920;1
333;2124;1
360;539;1
360;1203;1
360;1379;1
360;1533;1
360;1813;1
360;1833;1
360;1920;1
360;2124;1
539;1203;1
539;1379;1
539;1533;1
539;1813;1
539;1833;1
539;1920;1
539;2124;1
1203;1379;1
1203;1533;1
1203;1813;1
1203;1833;1
1203;1920;1
1203;2124;1
1379;1533;1
1379;1813;1
1379;1833;1
1379;1920;1
1379;2124;1
1533;1813;1
1533;1833;1
1533;1920;1
1533;2124;1
1813;1833;1
1813;1920;1
1813;2124;1
1833;1920;1
1833;2124;1
1920;2124;1
22;167;1
24;27;1
24;46;1
24;83;1
24;85;1
24;114;1
24;188;1
24;217;2
24;262;1
24;321;2
24;350;1
24;493;1
27;85;1
27;350;1
27;493;1
46;188;1
46;217;1
46;262;1
46;321;1
83;114;1
83;217;1
85;350;1
85;493;1
114;217;1
188;217;1
188;262;1
188;321;1
217;262;1
217;321;1
262;321;1
350;493;1
42;75;1
42;118;1
42;287;2
75;118;1
75;287;1
118;115;1
118;287;1
118;419;1
115;419;1
57;183;1
725;1180;1
91;269;1
280;1602;1
327;395;1
430;765;1
676;1006;1
676;1322;1
676;2013;1
1006;1322;1
1006;2013;1
1322;2013;1
1312;1944;1
